group,rows,wins,losses,voids,pushes,other_results,settled,pnl_units,flat_risk_units,roi_pct,win_pct,win_pct_wilson95,small_sample
Arizona Diamondbacks,45,19,26,0,0,{},45,-9.217614335104603,45,-20.48358741134356,42.22222222222222,"[28.9687024672703, 56.69921129079686]",True
Athletics,68,26,42,0,0,{},68,-19.53644628890717,68,-28.730068071922314,38.23529411764706,"[27.609449782105433, 50.119287547778576]",True
Atlanta Braves,62,27,35,0,0,{},62,-9.346964527918825,62,-15.07574923857875,43.54838709677419,"[31.942588902489057, 55.90701202785123]",True
Baltimore Orioles,69,29,40,0,0,{},69,-17.016157787562534,69,-24.66109824284425,42.028985507246375,"[31.10611534112484, 53.79259457203395]",True
Boston Red Sox,62,30,32,0,0,{},62,-6.82753522913282,62,-11.012153595375517,48.38709677419355,"[36.409859838245744, 60.552540394339324]",True
Chicago Cubs,66,30,36,0,0,{},66,-9.234850829898228,66,-13.992198227118527,45.45454545454545,"[34.024125498057735, 57.384988656610815]",True
Chicago White Sox,69,36,33,0,0,{},69,-0.8341923666265598,69,-1.2089744443863184,52.17391304347826,"[40.58725487361115, 63.53127878643645]",True
Cincinnati Reds,75,42,33,0,0,{},75,5.759428304381363,75,7.679237739175151,56.0,"[44.74677138145549, 66.66854250875085]",True
Cleveland Guardians,54,23,31,0,0,{},54,-12.140069536294066,54,-22.48161025239642,42.592592592592595,"[30.331824019929265, 55.83726617400995]",True
Colorado Rockies,77,45,32,0,0,{},77,10.270370461703035,77,13.338143456757187,58.44155844155844,"[47.29004239720053, 68.79081535777135]",True
Detroit Tigers,56,28,28,0,0,{},56,-3.3124280506855275,56,-5.915050090509871,50.0,"[37.331738801362334, 62.668261198637666]",True
Houston Astros,70,43,27,0,0,{},70,11.739573014149693,70,16.77081859164242,61.42857142857143,"[49.71573558930424, 71.95230869846111]",True
Kansas City Royals,63,34,29,0,0,{},63,2.385915906969857,63,3.78716810630136,53.96825396825397,"[41.789251880895364, 65.69113542395502]",True
Los Angeles Angels,76,33,43,0,0,{},76,-15.29195476306985,76,-20.120993109302436,43.421052631578945,"[32.86093181921706, 54.61424693164003]",True
Los Angeles Dodgers,55,25,30,0,0,{},55,-8.03130665616686,55,-14.602375738485199,45.45454545454545,"[33.025280252016564, 58.47730975813876]",True
Miami Marlins,61,29,32,0,0,{},61,-6.321493501983945,61,-10.363104101613025,47.540983606557376,"[35.530487422845255, 59.84284307501431]",True
Milwaukee Brewers,70,36,34,0,0,{},70,-2.172080349328904,70,-3.1029719276127197,51.42857142857143,"[39.95438391900923, 62.754121616961434]",True
Minnesota Twins,68,33,35,0,0,{},68,-5.890434336053067,68,-8.662403435372157,48.529411764705884,"[37.05084547256065, 60.16524669367487]",True
New York Mets,67,31,36,0,0,{},67,-9.162454626088145,67,-13.675305412071857,46.26865671641791,"[34.85844371949035, 58.0835423953701]",True
New York Yankees,63,26,37,0,0,{},63,-14.81184727462349,63,-23.510868689878556,41.26984126984127,"[29.958465626751725, 53.58468230257743]",True
Philadelphia Phillies,72,35,37,0,0,{},72,-8.411327235040234,72,-11.682398937555881,48.611111111111114,"[37.43267452907186, 59.930245394807194]",True
Pittsburgh Pirates,74,46,28,0,0,{},74,13.008738049769295,74,17.57937574293148,62.16216216216216,"[50.77145897601355, 72.35246530893923]",True
San Diego Padres,67,28,39,0,0,{},67,-14.208600174588138,67,-21.206865932221103,41.791044776119406,"[30.7423009556723, 53.73006849702071]",True
San Francisco Giants,75,37,38,0,0,{},75,-3.932468206313472,75,-5.243290941751296,49.333333333333336,"[38.330010247790746, 60.40162154218635]",True
Seattle Mariners,68,29,39,0,0,{},68,-10.231212745597686,68,-15.045901096467185,42.64705882352941,"[31.597243147733078, 54.48321768344444]",True
St. Louis Cardinals,63,31,32,0,0,{},63,-4.2937400452800345,63,-6.8154603893333885,49.20634920634921,"[37.26680881398467, 61.23711372504527]",True
Tampa Bay Rays,66,34,32,0,0,{},66,-3.4185296750405514,66,-5.179590416728108,51.515151515151516,"[39.710591285717236, 63.153037329393236]",True
Texas Rangers,72,41,31,0,0,{},72,7.510368305022295,72,10.431067090308742,56.94444444444444,"[45.44330616731062, 67.74209421329412]",True
Toronto Blue Jays,60,31,29,0,0,{},60,-1.780822670091189,60,-2.968037783485315,51.666666666666664,"[39.30781003259249, 63.82495046026722]",True
UNKNOWN,181,61,52,60,0,{'cancelled': 8},113,2.122002907691086,113,1.8778786793726423,53.982300884955755,"[44.813144015193004, 62.88960130383923]",False
Washington Nationals,67,38,29,0,0,{},67,3.7857714012837214,67,5.650405076542868,56.71641791044776,"[44.80873649079292, 67.89568850245826]",True
