slice,n,win_rate,model_win_prob_n,model_win_prob_mean,model_win_prob_brier,no_vig_side_probability_n,no_vig_side_probability_mean,no_vig_side_probability_brier
0.1,2,0.5,2,0.1905,0.3482965,2,0.32225000000000004,0.14791016499999995
0.2,3,0.3333333333333333,3,0.258,0.20653466666666664,3,0.4918,0.2675998466666667
0.3,69,0.4057971014492754,69,0.3585942028985507,0.24420984057971015,69,0.4545246376811594,0.2373171915942029
0.4,318,0.4276729559748428,318,0.46691194968553457,0.24788974842767295,318,0.45090817610062894,0.24231975867924527
0.5,956,0.4811715481171548,956,0.5540941422594142,0.255009410041841,956,0.4747526150627615,0.24526420003138075
0.6,1060,0.530188679245283,1060,0.6457556603773585,0.26261637641509433,1060,0.5270777358490566,0.2442156000188679
0.7,373,0.5442359249329759,373,0.7355817694369973,0.28446834852546915,373,0.5379260053619302,0.2464438659517426
0.8,102,0.47058823529411764,102,0.8339215686274509,0.3815970784313725,102,0.5365656862745098,0.24214593323529413
0.9,10,0.3,10,0.9256,0.597969,10,0.53073,0.286570943
