slice,n,wins,win_rate,history_pnl_rows,history_pnl_sum
2026-04 against_side,10,3,0.3,10,-4.2471014492753625
2026-04 unchanged,40,10,0.25,40,-19.104862932381884
2026-04 with_side,15,10,0.6666666666666666,15,3.9234728234728236
2026-05 against_side,92,49,0.532608695652174,92,5.5427314135579735
2026-05 unchanged,415,218,0.5253012048192771,415,-5.936039188901431
2026-05 with_side,144,79,0.5486111111111112,144,0.21432123804165526
2026-06 against_side,112,49,0.4375,112,-21.122457641147907
2026-06 unchanged,326,139,0.4263803680981595,326,-60.42152260573027
2026-06 with_side,198,105,0.5303030303030303,198,-5.805474100684665
2026-07 against_side,73,34,0.4657534246575342,73,-5.075551906378287
2026-07 unchanged,321,160,0.4984423676012461,321,-23.769459965271363
2026-07 with_side,99,52,0.5252525252525253,99,-4.656169235709315
2026-08 against_side,88,41,0.4659090909090909,88,-8.453243158361007
2026-08 unchanged,362,182,0.5027624309392266,362,-16.252336279684414
2026-08 with_side,125,71,0.568,125,5.4902048218289785
2026-09 against_side,79,36,0.45569620253164556,79,-10.521528183764303
2026-09 unchanged,258,127,0.49224806201550386,256,-16.576902087586703
2026-09 with_side,136,77,0.5661764705882353,135,0.7813815552102369
