slice,n,actual_mean,model_mean,model_bias,model_mae,model_rmse,line_mean,line_bias,line_mae,line_rmse,shrink15_mean,shrink15_bias,shrink15_mae,shrink15_rmse,shrink25_mean,shrink25_bias,shrink25_mae,shrink25_rmse,shrink35_mean,shrink35_bias,shrink35_mae,shrink35_rmse
Arizona Diamondbacks,92,4.076086956521739,4.7175,0.6414130434782609,1.5970652173913042,1.9146894969068007,4.0978260869565215,0.021739130434782608,1.3804347826086956,1.671370174697863,4.624548913043478,0.548461956521739,1.5360489130434782,1.85053217742192,4.562581521739131,0.4864945652173913,1.5013315217391305,1.8124920726963074,4.500614130434783,0.4245271739130435,1.4704619565217392,1.7785240254883066
Athletics,90,5.144444444444445,4.963,-0.1814444444444444,1.9154444444444445,2.3931831429198134,4.988888888888889,-0.15555555555555556,1.7222222222222223,2.1356757972855127,4.9668833333333335,-0.1775611111111112,1.8740055555555555,2.3381702705083067,4.9694722222222225,-0.17497222222222222,1.8494166666666667,2.304398526610457,4.9720611111111115,-0.1723833333333333,1.8266166666666668,2.2730714151414895
Atlanta Braves,91,4.989010989010989,5.003516483516483,0.0145054945054945,2.067252747252747,2.473490215495878,4.708791208791209,-0.2802197802197802,1.9395604395604396,2.2452636351236777,4.959307692307692,-0.029703296703296803,2.0361868131868133,2.418152948288979,4.929835164835165,-0.05917582417582419,2.017032967032967,2.3850377816253183,4.900362637362638,-0.08864835164835169,1.999043956043956,2.355094069654772
Baltimore Orioles,91,5.1208791208791204,5.307912087912088,0.18703296703296696,1.7624175824175825,2.1986389396199613,5.412087912087912,0.29120879120879123,1.7417582417582418,2.108981317556464,5.323538461538461,0.20265934065934044,1.7408131868131869,2.161954261951263,5.333956043956044,0.213076923076923,1.7267032967032967,2.1418236427127972,5.344373626373626,0.22349450549450542,1.7175494505494506,2.1252708864187975
Boston Red Sox,86,5.255813953488372,4.912790697674419,-0.3430232558139535,1.93,2.5611280218267196,4.906976744186046,-0.3488372093023256,1.9534883720930232,2.5046468441585708,4.911918604651163,-0.34389534883720946,1.9129534883720931,2.5343498868224983,4.911337209302325,-0.34447674418604646,1.9038372093023255,2.5199808507947226,4.910755813953489,-0.3450581395348836,1.8964418604651163,2.5084554777234795
Chicago Cubs,93,5.096774193548387,4.878064516129032,-0.21870967741935482,1.5810752688172043,2.087225868936323,4.521505376344086,-0.5752688172043011,1.60752688172043,2.0771413358344826,4.82458064516129,-0.2721935483870969,1.5654408602150538,2.058881223498121,4.788924731182796,-0.3078494623655914,1.5577419354838709,2.0451046980060585,4.753268817204301,-0.343505376344086,1.5536344086021505,2.035524729579865
Chicago White Sox,96,4.885416666666667,5.466875,0.5814583333333333,2.0639583333333333,2.525752775576686,5.15625,0.2708333333333333,1.9375,2.3139072294858036,5.4202812499999995,0.5348645833333332,2.0215520833333334,2.469181317807247,5.38921875,0.5038020833333333,1.99359375,2.4359243037380423,5.35815625,0.4727395833333334,1.9705104166666667,2.406407922306953
Cincinnati Reds,101,5.752475247524752,5.104257425742574,-0.6482178217821782,1.9179207920792078,2.561830062148294,5.410891089108911,-0.3415841584158416,1.8762376237623761,2.3488990469309803,5.150252475247525,-0.6022227722772279,1.887371287128713,2.5113799739908687,5.1809158415841585,-0.571559405940594,1.8708663366336633,2.481094693620715,5.211579207920792,-0.5408960396039604,1.8613019801980197,2.4536048984147287
Cleveland Guardians,75,4.36,4.919733333333333,0.5597333333333333,1.7901333333333334,2.233891671500657,4.633333333333334,0.2733333333333333,1.7666666666666666,2.1931712199461306,4.876773333333333,0.5167733333333332,1.7692133333333333,2.2063844905183685,4.848133333333333,0.4881333333333333,1.7579333333333333,2.1921115391329886,4.819493333333333,0.4594933333333333,1.7469866666666667,2.1811673296654708
Colorado Rockies,109,4.990825688073395,5.2797247706422015,0.2888990825688073,1.908348623853211,2.3325988577534416,4.912844036697248,-0.0779816513761468,1.7935779816513762,2.2076805047400256,5.224692660550459,0.23386697247706403,1.8689311926605505,2.281880210675302,5.188004587155963,0.1971788990825688,1.8438761467889908,2.253920908330453,5.151316513761468,0.16049082568807344,1.8188211009174313,2.2308538194515273
Detroit Tigers,78,4.910256410256411,5.000641025641025,0.09038461538461534,1.585,1.9729962246705144,4.897435897435898,-0.01282051282051282,1.5128205128205128,1.939799090839181,4.985160256410256,0.07490384615384589,1.5619807692307692,1.9457405097829095,4.974839743589744,0.06458333333333331,1.547147435897436,1.9317927313900118,4.9645192307692305,0.0542628205128205,1.5331217948717948,1.9213115453999592
Houston Astros,94,4.914893617021277,4.683191489361702,-0.23170212765957446,1.9974468085106383,2.524301883689825,4.808510638297872,-0.10638297872340426,1.9042553191489362,2.3508712735241057,4.701989361702127,-0.21290425531914908,1.9703085106382978,2.4834457691477527,4.714521276595745,-0.20037234042553187,1.9541489361702127,2.4589335335344926,4.727053191489362,-0.18784042553191493,1.9406702127659574,2.4366790521509984
Kansas City Royals,86,4.453488372093023,4.963953488372093,0.5104651162790698,2.0530232558139536,2.5992574968409192,4.604651162790698,0.1511627906976744,1.9534883720930232,2.4766350014147336,4.9100581395348835,0.4565697674418603,2.0219651162790697,2.5628340508298666,4.874127906976744,0.4206395348837209,2.0029651162790696,2.5419149071809697,4.838197674418605,0.3847093023255814,1.9841046511627907,2.5237655974154323
Los Angeles Angels,99,6.02020202020202,4.946262626262627,-1.073939393939394,1.925858585858586,2.3389426083708265,5.52020202020202,-0.5,1.7323232323232323,2.0955701232395305,5.032353535353535,-0.9878484848484849,1.8803030303030304,2.276690898979251,5.089747474747475,-0.9304545454545454,1.851010101010101,2.2397242062812155,5.147141414141414,-0.873060606060606,1.8231313131313132,2.2066003915251144
Los Angeles Dodgers,91,4.65934065934066,4.678791208791209,0.019450549450549446,1.6354945054945056,2.133347727744478,4.346153846153846,-0.3131868131868132,1.5,1.9006939160836398,4.628895604395605,-0.03044505494505511,1.5940824175824175,2.0736688189966888,4.595631868131868,-0.0637087912087912,1.5675,2.038221708626538,4.562368131868132,-0.09697252747252746,1.5435769230769232,2.0064629250948594
Miami Marlins,82,5.121951219512195,4.895,-0.2269512195121951,1.9379268292682927,2.3121284144437237,4.951219512195122,-0.17073170731707318,1.8414634146341464,2.221019322128534,4.903432926829268,-0.2185182926829269,1.8954573170731708,2.2721119708163218,4.909054878048781,-0.2128963414634146,1.8748475609756097,2.2503373900156483,4.914676829268293,-0.20727439024390237,1.8571768292682926,2.2326221602335345
Milwaukee Brewers,96,4.833333333333333,4.8142708333333335,-0.019062500000000007,1.7709375,2.2406177068686515,4.802083333333333,-0.03125,1.6979166666666667,2.111476576553321,4.812442708333333,-0.02089062500000011,1.7384322916666666,2.2033190617840246,4.811223958333334,-0.022109375000000004,1.717734375,2.181761475968634,4.810005208333333,-0.023328124999999977,1.698234375,2.162944172230874
Minnesota Twins,85,4.623529411764705,4.873882352941177,0.25035294117647056,2.0143529411764707,2.4684565313286,4.711764705882353,0.08823529411764706,1.9470588235294117,2.423536550532033,4.8495647058823526,0.22603529411764695,1.993670588235294,2.4447305601568257,4.833352941176471,0.20982352941176471,1.9798823529411764,2.432157024971383,4.817141176470588,0.19361176470588234,1.9660941176470588,2.4222268764871036
New York Mets,94,4.861702127659575,5.162553191489362,0.3008510638297872,1.6346808510638298,2.064840934577379,4.808510638297872,-0.05319148936170213,1.574468085106383,1.939236524478729,5.109446808510638,0.24774468085106371,1.6033297872340426,2.017140187799064,5.0740425531914894,0.2123404255319149,1.5886702127659575,1.9905859890462492,5.038638297872341,0.17693617021276595,1.5748297872340424,1.9684309187560771
New York Yankees,92,5.5978260869565215,5.383369565217391,-0.21445652173913046,1.9942391304347826,2.485882530716554,5.413043478260869,-0.18478260869565216,1.8804347826086956,2.3521498029785803,5.387820652173913,-0.21000543478260889,1.9592336956521739,2.449076537919335,5.390788043478261,-0.2070380434782609,1.936929347826087,2.4276471292671697,5.393755434782609,-0.20407065217391304,1.9171684782608696,2.4087825983218702
Philadelphia Phillies,93,5.053763440860215,4.670322580645161,-0.3834408602150538,1.9266666666666667,2.3429523696506536,4.82258064516129,-0.23118279569892472,1.8118279569892473,2.2510451574935737,4.69316129032258,-0.36060215053763456,1.8965376344086022,2.3121874819341324,4.708387096774193,-0.3453763440860215,1.8765591397849464,2.2948632739744124,4.723612903225806,-0.33015053763440866,1.860236559139785,2.2801566596339646
Pittsburgh Pirates,106,5.273584905660377,5.004150943396226,-0.2694339622641509,1.979811320754717,2.4064825971874466,5.047169811320755,-0.22641509433962265,1.9056603773584906,2.2995077405950615,5.010603773584905,-0.26298113207547186,1.9478584905660377,2.3627290205455855,5.014905660377359,-0.2586792452830189,1.9295754716981133,2.3386928396249917,5.019207547169811,-0.25437735849056603,1.9124905660377358,2.318915111092433
San Diego Padres,87,5.057471264367816,4.902758620689655,-0.15471264367816095,2.2570114942528736,2.7016197780752487,4.775862068965517,-0.28160919540229884,2.1091954022988504,2.47690481675505,4.8837241379310345,-0.17374712643678172,2.2210459770114945,2.6509209351841676,4.8710344827586205,-0.18643678160919547,2.197816091954023,2.6202009771999437,4.8583448275862064,-0.1991264367816092,2.1768045977011496,2.592047646167022
San Francisco Giants,94,4.638297872340425,4.927127659574468,0.28882978723404257,1.8379787234042553,2.2557102481046307,4.6063829787234045,-0.031914893617021274,1.7234042553191489,2.102430204776712,4.879015957446808,0.24071808510638285,1.7957712765957445,2.204695976411318,4.846941489361702,0.20864361702127654,1.7698138297872341,2.1757658684614256,4.814867021276596,0.1765691489361702,1.7481755319148935,2.151093929396182
Seattle Mariners,96,4.90625,5.432708333333333,0.5264583333333334,2.02375,2.536354421211673,5.020833333333333,0.11458333333333333,1.9270833333333333,2.345207879911715,5.370927083333333,0.46467708333333324,1.9958645833333333,2.489116795547168,5.329739583333334,0.4234895833333333,1.97796875,2.461004860189228,5.288552083333333,0.3823020833333334,1.964625,2.4357073162037213
St. Louis Cardinals,91,4.670329670329671,5.008901098901099,0.3385714285714285,1.9067032967032966,2.236205331742657,4.5989010989010985,-0.07142857142857142,1.8626373626373627,2.2452636351236777,4.947401098901099,0.2770714285714284,1.8892692307692307,2.2160302288720533,4.906401098901099,0.23607142857142854,1.8783791208791207,2.2067427733160057,4.865401098901099,0.19507142857142853,1.868478021978022,2.2008367982740933
Tampa Bay Rays,81,4.419753086419753,4.394444444444445,-0.025308641975308622,1.7833333333333332,2.3269232056383538,4.265432098765432,-0.15432098765432098,1.7962962962962963,2.2777777777777777,4.375092592592592,-0.04466049382716061,1.7655987654320988,2.3024194648185436,4.362191358024691,-0.05756172839506175,1.7590432098765432,2.289344395748634,4.3492901234567904,-0.070462962962963,1.7545493827160494,2.2789316230621295
Texas Rangers,95,4.663157894736842,5.2116842105263155,0.5485263157894736,1.9173684210526316,2.4203642614066867,4.878947368421053,0.21578947368421053,1.731578947368421,2.1902895747029962,5.161773684210526,0.49861578947368407,1.8724263157894736,2.3597676597272743,5.1285,0.46534210526315783,1.8447105263157895,2.324003677300288,5.095226315789474,0.4320684210526316,1.8176684210526315,2.2921517671577094
Toronto Blue Jays,89,4.404494382022472,4.529887640449438,0.12539325842696628,1.9453932584269664,2.526544026749014,4.421348314606742,0.016853932584269662,1.8258426966292134,2.3035146570579705,4.513606741573033,0.10911235955056173,1.9107303370786517,2.4757713427481614,4.502752808988764,0.0982584269662921,1.8909550561797754,2.445043886465348,4.491898876404495,0.08740449438202248,1.8717865168539327,2.4169254612820104
Washington Nationals,91,4.626373626373627,4.734615384615385,0.10824175824175825,1.5706593406593405,1.9694850668566717,4.642857142857143,0.016483516483516484,1.5769230769230769,1.963261471224759,4.7208516483516485,0.09447802197802185,1.543576923076923,1.942740500195253,4.711675824175824,0.08530219780219782,1.5293681318681318,1.9298400868955465,4.7025,0.07612637362637362,1.5247637362637363,1.9209793440091674
